{
    "mae_vx": 0.47358426451683044,
    "mae_vy": 0.025081463158130646,
    "mae_vz": 0.24710020422935486,
    "mae_yaw_rate": 3.9731578826904297,
    "overall_mae": 1.1797308921813965
}